{"cameraMode":{"drawMode":0,"name":"Shaded","section":"Shading Mode"},"sceneLighting":true,"audioPlay":false,"sceneViewState":{"showFog":true,"showMaterialUpdate":false,"showSkybox":true,"showFlares":true,"showImageEffects":true,"showParticleSystems":true},"in2DMode":false,"pivot":{"x":398.2218933105469,"y":128.498779296875,"z":4.037994384765625},"rotation":{"x":0.07211720198392868,"y":0.059803009033203128,"z":-0.004331221338361502,"w":0.9955981969833374},"size":193.36441040039063,"orthographic":false}