{"cameraMode":{"drawMode":0,"name":"Shaded","section":"Shading Mode"},"sceneLighting":true,"audioPlay":false,"sceneViewState":{"showFog":true,"showMaterialUpdate":false,"showSkybox":true,"showFlares":true,"showImageEffects":true,"showParticleSystems":true},"in2DMode":false,"pivot":{"x":207.29998779296876,"y":228.8000030517578,"z":0.0},"rotation":{"x":0.027304716408252717,"y":-0.012000462040305138,"z":0.00032946188002824783,"w":0.9995684027671814},"size":197.90182495117188,"orthographic":false}