{"cameraMode":{"drawMode":0,"name":"Shaded","section":"Shading Mode"},"sceneLighting":true,"audioPlay":false,"sceneViewState":{"showFog":true,"showMaterialUpdate":false,"showSkybox":true,"showFlares":true,"showImageEffects":true,"showParticleSystems":true},"in2DMode":false,"pivot":{"x":261.48187255859377,"y":121.36756896972656,"z":-11.06639575958252},"rotation":{"x":0.04679142311215401,"y":0.008985024876892567,"z":-0.00041969295125454664,"w":0.9988784790039063},"size":255.50604248046876,"orthographic":false}